,Instance,Size,Capacity,GAP,Runtime,NodeCount,ObjVal
0,2.0,5.0,40.0,2.2656114961503412e-05,5.058195114135742,3190.0,338.90364166508584
