,Instance,Size,Capacity,GAP,Runtime,NodeCount,ObjVal,HeurTime,HeurVal
0,0.0,5.0,30.0,inf,0.18650245666503906,0.0,495.93430086244916,495.93430086244916,0.18352699279785156
1,0.0,5.0,40.0,inf,0.10261917114257812,0.0,520.3110735570818,520.3110735570818,0.10062408447265625
2,0.0,5.0,50.0,inf,0.08677482604980469,0.0,520.3111366465971,520.3111366465971,0.08477210998535156
3,0.0,5.0,60.0,inf,0.173553466796875,0.0,495.96435343427885,495.96435343427885,0.17156028747558594
