,Instance,Size,Capacity,GAP,Runtime,NodeCount,ObjVal,HeurTime,HeurVal
0,0.0,10.0,30.0,0.6881157842511008,15.26600000000326,0.0,794.8853032070799,794.8853032070799,-1630359579.6031249
1,0.0,10.0,40.0,0.6850400443649403,14.84399999998277,0.0,787.1228547171831,787.1228547171831,-1630359580.2931192
